QID,Question,Difficulty Level,Retrieval Mode,Gold Standard Set,k,success@k,mrr@k,ndcg@k,precision@k_rel>=1,precision@k_goldref,recall@k_goldref,gold_size,hits_in_gold_topk
1,How do I open a dataset and view it in JASP?,easy,BM25,"pdf_6,video_1",5,1,1.0,0.8503449055347546,0.4,0.0,0.0,2,0
1,How do I open a dataset and view it in JASP?,easy,bm_vector_fusion,"pdf_6,video_1",5,1,1.0,0.7075790686744426,0.6,0.2,0.5,2,1
1,How do I open a dataset and view it in JASP?,easy,bm_vector_fusion_rerank,"pdf_6,video_1",5,1,1.0,1.0,0.6,0.2,0.5,2,1
1,How do I open a dataset and view it in JASP?,easy,vector,"pdf_6,video_1",5,1,1.0,0.9128781396400242,0.6,0.2,0.5,2,1
2,How can I save or export a JASP data file in JASP?,easy,BM25,"pdf_6,video_1",5,1,1.0,0.8926893079768027,0.8,0.4,1.0,2,2
2,How can I save or export a JASP data file in JASP?,easy,bm_vector_fusion,"pdf_6,video_1",5,1,1.0,0.8926893079768027,0.8,0.4,1.0,2,2
2,How can I save or export a JASP data file in JASP?,easy,bm_vector_fusion_rerank,"pdf_6,video_1",5,1,1.0,0.8025392158797567,1.0,0.4,1.0,2,2
2,How can I save or export a JASP data file in JASP?,easy,vector,"pdf_6,video_1",5,1,1.0,0.9128781396400242,0.6,0.4,1.0,2,2
3,How to set up results preferences in JASP?,easy,BM25,"pdf_6,video_1",5,1,0.3333333333333333,0.5196610607458307,0.4,0.2,0.5,2,1
3,How to set up results preferences in JASP?,easy,bm_vector_fusion,"pdf_6,video_1",5,1,1.0,1.0,0.4,0.2,0.5,2,1
3,How to set up results preferences in JASP?,easy,bm_vector_fusion_rerank,"pdf_6,video_1",5,1,1.0,0.8772153153380493,0.4,0.2,0.5,2,1
3,How to set up results preferences in JASP?,easy,vector,"pdf_6,video_1",5,1,1.0,0.9790187994940358,0.6,0.2,0.5,2,1
4,How can I check for outliers in my dataset using JASP?,easy,BM25,"pdf_34,",5,1,1.0,0.944847956559586,0.4,0.2,1.0,1,1
4,How can I check for outliers in my dataset using JASP?,easy,bm_vector_fusion,"pdf_34,",5,1,1.0,1.0,0.4,0.2,1.0,1,1
4,How can I check for outliers in my dataset using JASP?,easy,bm_vector_fusion_rerank,"pdf_34,",5,1,1.0,1.0,0.4,0.2,1.0,1,1
4,How can I check for outliers in my dataset using JASP?,easy,vector,"pdf_34,",5,1,1.0,1.0,0.2,0.2,1.0,1,1
5,What are the assumptions of a one-sample t-test?,easy,BM25,"pdf_48,pdf_52",5,1,1.0,0.9514426589871553,0.6,0.4,1.0,2,2
5,What are the assumptions of a one-sample t-test?,easy,bm_vector_fusion,"pdf_48,pdf_52",5,1,1.0,0.9935774939007994,0.8,0.4,1.0,2,2
5,What are the assumptions of a one-sample t-test?,easy,bm_vector_fusion_rerank,"pdf_48,pdf_52",5,1,1.0,0.9807710461847231,1.0,0.4,1.0,2,2
5,What are the assumptions of a one-sample t-test?,easy,vector,"pdf_48,pdf_52",5,1,1.0,0.9935774939007994,0.8,0.4,1.0,2,2
6,How do I perform a multinomial test in JASP ?,easy,BM25,"pdf_55,pdf_56,pdf_57,pdf_58",5,1,1.0,0.9047172294870752,0.8,0.4,0.5,4,2
6,How do I perform a multinomial test in JASP ?,easy,bm_vector_fusion,"pdf_55,pdf_56,pdf_57,pdf_58",5,1,1.0,0.9558295932317544,0.8,0.6,0.75,4,3
6,How do I perform a multinomial test in JASP ?,easy,bm_vector_fusion_rerank,"pdf_55,pdf_56,pdf_57,pdf_58",5,1,1.0,1.0,1.0,0.6,0.75,4,3
6,How do I perform a multinomial test in JASP ?,easy,vector,"pdf_55,pdf_56,pdf_57,pdf_58",5,1,1.0,0.9719643720954755,1.0,0.4,0.5,4,2
7,How to interpret the chi-square output?,easy,BM25,"pdf_57,pdf_149,pdf_153",5,1,1.0,0.9805704719000117,0.8,0.4,0.6666666666666666,3,2
7,How to interpret the chi-square output?,easy,bm_vector_fusion,"pdf_57,pdf_149,pdf_153",5,1,1.0,1.0,0.4,0.4,0.6666666666666666,3,2
7,How to interpret the chi-square output?,easy,bm_vector_fusion_rerank,"pdf_57,pdf_149,pdf_153",5,1,0.5,0.7122630665145961,0.6,0.6,1.0,3,3
7,How to interpret the chi-square output?,easy,vector,"pdf_57,pdf_149,pdf_153",5,1,1.0,0.9197207891481876,0.4,0.4,0.6666666666666666,3,2
8,How do I set up an independent samples t-test in JASP?,easy,BM25,"pdf_60,pdf_61",5,0,0.0,0.0,0.0,0.0,0.0,2,0
8,How do I set up an independent samples t-test in JASP?,easy,bm_vector_fusion,"pdf_60,pdf_61",5,0,0.0,0.0,0.0,0.0,0.0,2,0
8,How do I set up an independent samples t-test in JASP?,easy,bm_vector_fusion_rerank,"pdf_60,pdf_61",5,1,1.0,0.940914767159646,0.6,0.4,1.0,2,2
8,How do I set up an independent samples t-test in JASP?,easy,vector,"pdf_60,pdf_61",5,1,0.5,0.6460523621555107,0.6,0.4,1.0,2,2
9,How do I run a Mann–Whitney U test for non-normal data in JASP?,easy,BM25,pdf_65,5,1,1.0,1.0,0.2,0.2,1.0,1,1
9,How do I run a Mann–Whitney U test for non-normal data in JASP?,easy,bm_vector_fusion,pdf_65,5,1,1.0,0.9197207891481876,0.4,0.2,1.0,1,1
9,How do I run a Mann–Whitney U test for non-normal data in JASP?,easy,bm_vector_fusion_rerank,pdf_65,5,1,1.0,1.0,0.4,0.2,1.0,1,1
9,How do I run a Mann–Whitney U test for non-normal data in JASP?,easy,vector,pdf_65,5,1,1.0,0.9639404333166532,0.4,0.2,1.0,1,1
10,How do I run a paired-samples t-test in JASP?,easy,BM25,"pdf_67,pdf_71",5,1,1.0,0.8529278650606569,0.6,0.4,1.0,2,2
10,How do I run a paired-samples t-test in JASP?,easy,bm_vector_fusion,"pdf_67,pdf_71",5,1,1.0,1.0,0.4,0.2,0.5,2,1
10,How do I run a paired-samples t-test in JASP?,easy,bm_vector_fusion_rerank,"pdf_67,pdf_71",5,1,1.0,0.9060254355346824,0.6,0.4,1.0,2,2
10,How do I run a paired-samples t-test in JASP?,easy,vector,"pdf_67,pdf_71",5,1,1.0,1.0,0.4,0.2,0.5,2,1
11,How do I perform a Wilcoxon signed-rank test for related samples in JASP,easy,BM25,"pdf_71,pdf_72",5,1,1.0,0.9469024295259745,0.6,0.4,1.0,2,2
11,How do I perform a Wilcoxon signed-rank test for related samples in JASP,easy,bm_vector_fusion,"pdf_71,pdf_72",5,1,1.0,0.9639404333166532,0.4,0.2,0.5,2,1
11,How do I perform a Wilcoxon signed-rank test for related samples in JASP,easy,bm_vector_fusion_rerank,"pdf_71,pdf_72",5,1,1.0,0.9674679834891694,0.6,0.4,1.0,2,2
11,How do I perform a Wilcoxon signed-rank test for related samples in JASP,easy,vector,"pdf_71,pdf_72",5,1,0.3333333333333333,0.4935456744811716,0.4,0.2,0.5,2,1
12,How do I run a regression analysis in JASP?,easy,BM25,pdf_79,5,0,0.0,0.0,0.0,0.0,0.0,1,0
12,How do I run a regression analysis in JASP?,easy,bm_vector_fusion,pdf_79,5,0,0.0,0.0,0.0,0.0,0.0,1,0
12,How do I run a regression analysis in JASP?,easy,bm_vector_fusion_rerank,pdf_79,5,0,0.0,0.0,0.0,0.0,0.0,1,0
12,How do I run a regression analysis in JASP?,easy,vector,pdf_79,5,1,0.25,0.43067655807339306,0.2,0.0,0.0,1,0
13,How do I specify predictors and outcome variables in JASP’s regression module?,easy,BM25,"pdf_85,pdf_92, md_jaspRegression__RegressionLogistic,md_jaspRegression__GeneralizedLinearModel",5,1,0.5,0.7606395682357036,0.8,0.8,1.0,4,4
13,How do I specify predictors and outcome variables in JASP’s regression module?,easy,bm_vector_fusion,"pdf_85,pdf_92, md_jaspRegression__RegressionLogistic,md_jaspRegression__GeneralizedLinearModel",5,1,1.0,1.0,0.2,0.2,0.25,4,1
13,How do I specify predictors and outcome variables in JASP’s regression module?,easy,bm_vector_fusion_rerank,"pdf_85,pdf_92, md_jaspRegression__RegressionLogistic,md_jaspRegression__GeneralizedLinearModel",5,1,1.0,1.0,0.8,0.8,1.0,4,4
13,How do I specify predictors and outcome variables in JASP’s regression module?,easy,vector,"pdf_85,pdf_92, md_jaspRegression__RegressionLogistic,md_jaspRegression__GeneralizedLinearModel",5,1,1.0,1.0,0.2,0.2,0.25,4,1
14,What output does JASP provide for correlation analysis?,easy,BM25,"pdf_73,pdf_74,pdf_75,pdf_76.pdf_77",5,0,0.0,0.0,0.0,0.0,0.0,4,0
14,What output does JASP provide for correlation analysis?,easy,bm_vector_fusion,"pdf_73,pdf_74,pdf_75,pdf_76.pdf_77",5,0,0.0,0.0,0.0,0.0,0.0,4,0
14,What output does JASP provide for correlation analysis?,easy,bm_vector_fusion_rerank,"pdf_73,pdf_74,pdf_75,pdf_76.pdf_77",5,0,0.0,0.0,0.0,0.0,0.0,4,0
14,What output does JASP provide for correlation analysis?,easy,vector,"pdf_73,pdf_74,pdf_75,pdf_76.pdf_77",5,0,0.0,0.0,0.0,0.0,0.0,4,0
15,How do I run a one-way ANOVA for more than two groups in JASP?,easy,BM25,"pdf_97,pdf_104",5,1,0.5,0.6460523621555107,0.6,0.4,1.0,2,2
15,How do I run a one-way ANOVA for more than two groups in JASP?,easy,bm_vector_fusion,"pdf_97,pdf_104",5,1,1.0,1.0,0.4,0.4,1.0,2,2
15,How do I run a one-way ANOVA for more than two groups in JASP?,easy,bm_vector_fusion_rerank,"pdf_97,pdf_104",5,1,1.0,1.0,0.4,0.4,1.0,2,2
15,How do I run a one-way ANOVA for more than two groups in JASP?,easy,vector,"pdf_97,pdf_104",5,1,0.3333333333333333,0.531730627995306,0.4,0.2,0.5,2,1
16,How to choose appropriate post-hoc tests for ANOVA  in JASP?,easy,BM25,"video_2,pdf_98,pdf_111,pdf_128,pdf_130,pdf_138,pdf_146",5,1,1.0,0.8480742992651265,1.0,0.8,0.5714285714285714,7,4
16,How to choose appropriate post-hoc tests for ANOVA  in JASP?,easy,bm_vector_fusion,"video_2,pdf_98,pdf_111,pdf_128,pdf_130,pdf_138,pdf_146",5,1,1.0,1.0,1.0,0.8,0.5714285714285714,7,4
16,How to choose appropriate post-hoc tests for ANOVA  in JASP?,easy,bm_vector_fusion_rerank,"video_2,pdf_98,pdf_111,pdf_128,pdf_130,pdf_138,pdf_146",5,1,1.0,0.9719643720954755,1.0,0.8,0.5714285714285714,7,4
16,How to choose appropriate post-hoc tests for ANOVA  in JASP?,easy,vector,"video_2,pdf_98,pdf_111,pdf_128,pdf_130,pdf_138,pdf_146",5,1,1.0,0.989141344633751,1.0,0.8,0.5714285714285714,7,4
17,How do I check assumptions before running ANOVA in JASP?,easy,BM25,"pdf_97,pdf_100,pdf_104,pdf_108,pdf_113,pdf_135,pdf_145,video_2",5,1,0.5,0.7606395682357036,0.8,0.6,0.375,8,3
17,How do I check assumptions before running ANOVA in JASP?,easy,bm_vector_fusion,"pdf_97,pdf_100,pdf_104,pdf_108,pdf_113,pdf_135,pdf_145,video_2",5,1,1.0,1.0,1.0,1.0,0.625,8,5
17,How do I check assumptions before running ANOVA in JASP?,easy,bm_vector_fusion_rerank,"pdf_97,pdf_100,pdf_104,pdf_108,pdf_113,pdf_135,pdf_145,video_2",5,1,1.0,1.0,1.0,1.0,0.625,8,5
17,How do I check assumptions before running ANOVA in JASP?,easy,vector,"pdf_97,pdf_100,pdf_104,pdf_108,pdf_113,pdf_135,pdf_145,video_2",5,1,1.0,1.0,1.0,1.0,0.625,8,5
18,How do I perform a Kruskal–Wallis test for non-normal multi-group data in JASP?,easy,BM25,"pdf_104,pdf_105,pdf_113",5,1,1.0,1.0,0.6,0.4,0.6666666666666666,3,2
18,How do I perform a Kruskal–Wallis test for non-normal multi-group data in JASP?,easy,bm_vector_fusion,"pdf_104,pdf_105,pdf_113",5,1,1.0,0.9578347709816888,1.0,0.4,0.6666666666666666,3,2
18,How do I perform a Kruskal–Wallis test for non-normal multi-group data in JASP?,easy,bm_vector_fusion_rerank,"pdf_104,pdf_105,pdf_113",5,1,1.0,1.0,1.0,0.6,1.0,3,3
18,How do I perform a Kruskal–Wallis test for non-normal multi-group data in JASP?,easy,vector,"pdf_104,pdf_105,pdf_113",5,1,1.0,1.0,0.8,0.4,0.6666666666666666,3,2
19,Where is the nonparametric ANOVA option located in the menu?,easy,BM25,"pdf_104,pdf_113",5,1,1.0,0.8772153153380493,0.4,0.4,1.0,2,2
19,Where is the nonparametric ANOVA option located in the menu?,easy,bm_vector_fusion,"pdf_104,pdf_113",5,1,1.0,0.9061827879747687,0.6,0.4,1.0,2,2
19,Where is the nonparametric ANOVA option located in the menu?,easy,bm_vector_fusion_rerank,"pdf_104,pdf_113",5,1,1.0,0.9550337350142764,0.8,0.4,1.0,2,2
19,Where is the nonparametric ANOVA option located in the menu?,easy,vector,"pdf_104,pdf_113",5,1,1.0,0.6885288809404666,0.4,0.2,0.5,2,1
20,How do I run a repeated-measures ANOVA in JASP?,easy,BM25,"video_2,pdf_108,pdf_113",5,1,1.0,1.0,1.0,0.6,1.0,3,3
20,How do I run a repeated-measures ANOVA in JASP?,easy,bm_vector_fusion,"video_2,pdf_108,pdf_113",5,1,1.0,0.9395225786842205,1.0,0.6,1.0,3,3
20,How do I run a repeated-measures ANOVA in JASP?,easy,bm_vector_fusion_rerank,"video_2,pdf_108,pdf_113",5,1,1.0,1.0,1.0,0.6,1.0,3,3
20,How do I run a repeated-measures ANOVA in JASP?,easy,vector,"video_2,pdf_108,pdf_113",5,1,1.0,0.9395225786842205,1.0,0.4,0.6666666666666666,3,2
21,How do I specify within-subject factors and levels in JASP?,easy,BM25,"video_2,pdf_141,pdf_124",5,1,1.0,0.9807710461847231,1.0,0.4,0.6666666666666666,3,2
21,How do I specify within-subject factors and levels in JASP?,easy,bm_vector_fusion,"video_2,pdf_141,pdf_124",5,1,1.0,0.8676182686276376,0.6,0.2,0.3333333333333333,3,1
21,How do I specify within-subject factors and levels in JASP?,easy,bm_vector_fusion_rerank,"video_2,pdf_141,pdf_124",5,1,1.0,1.0,0.6,0.4,0.6666666666666666,3,2
21,How do I specify within-subject factors and levels in JASP?,easy,vector,"video_2,pdf_141,pdf_124",5,1,0.2,0.38685280723454163,0.2,0.2,0.3333333333333333,3,1
22,"What output does JASP give (F-values, sphericity tests, etc.) for RM-ANOVA?",easy,BM25,"video_2,pdf_108,pdf_110,pdf_135",5,1,1.0,1.0,1.0,0.8,1.0,4,4
22,"What output does JASP give (F-values, sphericity tests, etc.) for RM-ANOVA?",easy,bm_vector_fusion,"video_2,pdf_108,pdf_110,pdf_135",5,1,1.0,1.0,0.6,0.2,0.25,4,1
22,"What output does JASP give (F-values, sphericity tests, etc.) for RM-ANOVA?",easy,bm_vector_fusion_rerank,"video_2,pdf_108,pdf_110,pdf_135",5,1,1.0,0.9327783893101107,0.4,0.2,0.25,4,1
22,"What output does JASP give (F-values, sphericity tests, etc.) for RM-ANOVA?",easy,vector,"video_2,pdf_108,pdf_110,pdf_135",5,1,1.0,0.6484938358340886,0.6,0.2,0.25,4,1
23,How do I conduct a Friedman test for non-parametric repeated-measures data in JASP?,easy,BM25,pdf_113,5,1,1.0,0.8503449055347546,0.4,0.2,1.0,1,1
23,How do I conduct a Friedman test for non-parametric repeated-measures data in JASP?,easy,bm_vector_fusion,pdf_113,5,1,1.0,1.0,0.4,0.2,1.0,1,1
23,How do I conduct a Friedman test for non-parametric repeated-measures data in JASP?,easy,bm_vector_fusion_rerank,pdf_113,5,1,1.0,1.0,0.6,0.2,1.0,1,1
23,How do I conduct a Friedman test for non-parametric repeated-measures data in JASP?,easy,vector,pdf_113,5,1,1.0,1.0,0.4,0.2,1.0,1,1
24,How to run factorial ANOVA in JASP?,easy,BM25,pdf_142,5,1,0.3333333333333333,0.5,0.2,0.0,0.0,1,0
24,How to run factorial ANOVA in JASP?,easy,bm_vector_fusion,pdf_142,5,1,0.3333333333333333,0.5,0.2,0.2,1.0,1,1
24,How to run factorial ANOVA in JASP?,easy,bm_vector_fusion_rerank,pdf_142,5,1,1.0,1.0,0.2,0.2,1.0,1,1
24,How to run factorial ANOVA in JASP?,easy,vector,pdf_142,5,0,0.0,0.0,0.0,0.0,0.0,1,0
25,How do I interpret main effects and interactions in the JASP ANOVA output?,easy,BM25,"ppdf_108,pdf_124,pdf_126,pdf_134,pdf_141,pdf_144",5,1,1.0,1.0,0.8,0.8,0.6666666666666666,6,4
25,How do I interpret main effects and interactions in the JASP ANOVA output?,easy,bm_vector_fusion,"ppdf_108,pdf_124,pdf_126,pdf_134,pdf_141,pdf_144",5,1,1.0,1.0,1.0,0.8,0.6666666666666666,6,4
25,How do I interpret main effects and interactions in the JASP ANOVA output?,easy,bm_vector_fusion_rerank,"ppdf_108,pdf_124,pdf_126,pdf_134,pdf_141,pdf_144",5,1,1.0,1.0,1.0,1.0,0.8333333333333334,6,5
25,How do I interpret main effects and interactions in the JASP ANOVA output?,easy,vector,"ppdf_108,pdf_124,pdf_126,pdf_134,pdf_141,pdf_144",5,1,1.0,1.0,0.6,0.2,0.16666666666666666,6,1
26,How do I run a two-factor repeated-measures ANOVA (two within-subject variables) in JASP?,easy,BM25,"pdf_132,pdf_133",5,1,0.5,0.58688267143572,0.4,0.2,0.5,2,1
26,How do I run a two-factor repeated-measures ANOVA (two within-subject variables) in JASP?,easy,bm_vector_fusion,"pdf_132,pdf_133",5,1,0.3333333333333333,0.5437713091520254,0.4,0.4,1.0,2,2
26,How do I run a two-factor repeated-measures ANOVA (two within-subject variables) in JASP?,easy,bm_vector_fusion_rerank,"pdf_132,pdf_133",5,1,1.0,1.0,0.4,0.4,1.0,2,2
26,How do I run a two-factor repeated-measures ANOVA (two within-subject variables) in JASP?,easy,vector,"pdf_132,pdf_133",5,1,1.0,0.6885288809404666,0.4,0.2,0.5,2,1
27,How do I set up a mixed (within- and between-subjects) ANOVA in JASP?,easy,BM25,"pdf_141,pdf_142",5,1,1.0,0.9674679834891694,0.6,0.4,1.0,2,2
27,How do I set up a mixed (within- and between-subjects) ANOVA in JASP?,easy,bm_vector_fusion,"pdf_141,pdf_142",5,1,1.0,1.0,0.6,0.4,1.0,2,2
27,How do I set up a mixed (within- and between-subjects) ANOVA in JASP?,easy,bm_vector_fusion_rerank,"pdf_141,pdf_142",5,1,1.0,1.0,0.6,0.4,1.0,2,2
27,How do I set up a mixed (within- and between-subjects) ANOVA in JASP?,easy,vector,"pdf_141,pdf_142",5,1,0.5,0.6934264036172708,0.4,0.4,1.0,2,2
28,How to interpret interaction effects in mixed ANOVA?,easy,BM25,"pdf_141,pdf_142",5,1,1.0,0.9469024295259745,0.6,0.4,1.0,2,2
28,How to interpret interaction effects in mixed ANOVA?,easy,bm_vector_fusion,"pdf_141,pdf_142",5,1,1.0,1.0,0.4,0.2,0.5,2,1
28,How to interpret interaction effects in mixed ANOVA?,easy,bm_vector_fusion_rerank,"pdf_141,pdf_142",5,1,1.0,1.0,0.4,0.2,0.5,2,1
28,How to interpret interaction effects in mixed ANOVA?,easy,vector,"pdf_141,pdf_142",5,1,1.0,1.0,0.4,0.2,0.5,2,1
29,How to interpret ANCOVA outputs?,easy,BM25,"pdf_118,pdf_120",5,1,1.0,0.9061827879747687,0.6,0.2,0.5,2,1
29,How to interpret ANCOVA outputs?,easy,bm_vector_fusion,"pdf_118,pdf_120",5,1,1.0,0.9355095261428396,1.0,0.4,1.0,2,2
29,How to interpret ANCOVA outputs?,easy,bm_vector_fusion_rerank,"pdf_118,pdf_120",5,1,0.5,0.6991835908151116,0.8,0.4,1.0,2,2
29,How to interpret ANCOVA outputs?,easy,vector,"pdf_118,pdf_120",5,1,1.0,0.9578347709816888,1.0,0.4,1.0,2,2
30,How do I perform a chi-square test of association for two categorical variables in JASP?,easy,BM25,pdf_149,5,1,1.0,1.0,0.2,0.2,1.0,1,1
30,How do I perform a chi-square test of association for two categorical variables in JASP?,easy,bm_vector_fusion,pdf_149,5,1,1.0,1.0,0.2,0.2,1.0,1,1
30,How do I perform a chi-square test of association for two categorical variables in JASP?,easy,bm_vector_fusion_rerank,pdf_149,5,1,1.0,1.0,0.2,0.2,1.0,1,1
30,How do I perform a chi-square test of association for two categorical variables in JASP?,easy,vector,pdf_149,5,1,1.0,1.0,0.2,0.2,1.0,1,1
31,How are the expected frequencies calculated in chi-square test ？,easy,BM25,pdf_149,5,1,1.0,1.0,0.4,0.2,1.0,1,1
31,How are the expected frequencies calculated in chi-square test ？,easy,bm_vector_fusion,pdf_149,5,1,1.0,1.0,0.4,0.2,1.0,1,1
31,How are the expected frequencies calculated in chi-square test ？,easy,bm_vector_fusion_rerank,pdf_149,5,1,1.0,0.9469024295259745,0.6,0.2,1.0,1,1
31,How are the expected frequencies calculated in chi-square test ？,easy,vector,pdf_149,5,1,1.0,1.0,0.4,0.2,1.0,1,1
32,How do I run a classical meta-analysis using JASP?,easy,BM25,"pdf_157,pdf_162,pdf_163",5,1,1.0,1.0,1.0,0.6,1.0,3,3
32,How do I run a classical meta-analysis using JASP?,easy,bm_vector_fusion,"pdf_157,pdf_162,pdf_163",5,1,1.0,0.989141344633751,1.0,0.6,1.0,3,3
32,How do I run a classical meta-analysis using JASP?,easy,bm_vector_fusion_rerank,"pdf_157,pdf_162,pdf_163",5,1,1.0,1.0,1.0,0.6,1.0,3,3
32,How do I run a classical meta-analysis using JASP?,easy,vector,"pdf_157,pdf_162,pdf_163",5,1,1.0,1.0,0.8,0.4,0.6666666666666666,3,2
33,How do I perform logistic regression in JASP for binary outcome variables?,easy,BM25,"pdf_92,pdf_93,md_jaspRegression__RegressionLogistic",5,1,1.0,0.9220370325520013,0.8,0.4,0.6666666666666666,3,2
33,How do I perform logistic regression in JASP for binary outcome variables?,easy,bm_vector_fusion,"pdf_92,pdf_93,md_jaspRegression__RegressionLogistic",5,1,1.0,1.0,0.8,0.4,0.6666666666666666,3,2
33,How do I perform logistic regression in JASP for binary outcome variables?,easy,bm_vector_fusion_rerank,"pdf_92,pdf_93,md_jaspRegression__RegressionLogistic",5,1,1.0,0.9395225786842205,1.0,0.4,0.6666666666666666,3,2
33,How do I perform logistic regression in JASP for binary outcome variables?,easy,vector,"pdf_92,pdf_93,md_jaspRegression__RegressionLogistic",5,1,1.0,1.0,0.4,0.2,0.3333333333333333,3,1
34,How to run a Linear Mixed Model in Jasp?,easy,BM25,"md_jaspMixedModels__MixedModelsLMM,md_jaspMixedModels__MixedModelsBLMM",5,1,1.0,0.7595063773744855,0.8,0.4,1.0,2,2
34,How to run a Linear Mixed Model in Jasp?,easy,bm_vector_fusion,"md_jaspMixedModels__MixedModelsBGLMM,md_jaspMixedModels__MixedModelsLMM",5,1,0.25,0.4306765580733931,0.2,0.2,0.5,2,1
34,How to run a Linear Mixed Model in Jasp?,easy,bm_vector_fusion_rerank,"md_jaspMixedModels__MixedModelsBGLMM,md_jaspMixedModels__MixedModelsLMM",5,1,1.0,0.9117958961647155,0.8,0.4,1.0,2,2
34,How to run a Linear Mixed Model in Jasp?,easy,vector,"md_jaspMixedModels__MixedModelsBGLMM,md_jaspMixedModels__MixedModelsLMM",5,0,0.0,0.0,0.0,0.0,0.0,2,0
35,"Before fitting a Bayesian linear regression in JASP, what assumptions should be met?",easy,BM25,md_jaspRegression__RegressionLinearBayesian,5,1,0.3333333333333333,0.5,0.2,0.2,1.0,1,1
35,"Before fitting a Bayesian linear regression in JASP, what assumptions should be met?",easy,bm_vector_fusion,md_jaspRegression__RegressionLinearBayesian,5,1,1.0,0.8503449055347546,0.4,0.2,1.0,1,1
35,"Before fitting a Bayesian linear regression in JASP, what assumptions should be met?",easy,bm_vector_fusion_rerank,md_jaspRegression__RegressionLinearBayesian,5,1,0.25,0.5012658353418872,0.4,0.2,1.0,1,1
35,"Before fitting a Bayesian linear regression in JASP, what assumptions should be met?",easy,vector,md_jaspRegression__RegressionLinearBayesian,5,1,0.5,0.6240505200038378,0.4,0.2,1.0,1,1
36,how to interpret the Bayes Factors of a Bayesian Correlation analysis?,easy,BM25,md_jaspRegression__CorrelationBayesian,5,1,1.0,1.0,1.0,0.0,0.0,1,0
36,how to interpret the Bayes Factors of a Bayesian Correlation analysis?,easy,bm_vector_fusion,md_jaspRegression__CorrelationBayesian,5,1,1.0,1.0,1.0,0.2,1.0,1,1
36,how to interpret the Bayes Factors of a Bayesian Correlation analysis?,easy,bm_vector_fusion_rerank,md_jaspRegression__CorrelationBayesian,5,1,1.0,1.0,1.0,0.2,1.0,1,1
36,how to interpret the Bayes Factors of a Bayesian Correlation analysis?,easy,vector,md_jaspRegression__CorrelationBayesian,5,1,1.0,1.0,1.0,0.0,0.0,1,0
37,How to specify the random component and systematic component in the generalized linear models?,easy,BM25,md_jaspRegression__GeneralizedLinearModel,5,1,1.0,1.0,0.2,0.2,1.0,1,1
37,How to specify the random component and systematic component in the generalized linear models?,easy,bm_vector_fusion,md_jaspRegression__GeneralizedLinearModel,5,1,1.0,1.0,0.2,0.2,1.0,1,1
37,How to specify the random component and systematic component in the generalized linear models?,easy,bm_vector_fusion_rerank,md_jaspRegression__GeneralizedLinearModel,5,1,1.0,1.0,0.2,0.2,1.0,1,1
37,How to specify the random component and systematic component in the generalized linear models?,easy,vector,md_jaspRegression__GeneralizedLinearModel,5,1,1.0,1.0,0.2,0.2,1.0,1,1
38,Help me find a video to show a repeated measures ANOVA step by step in Jasp.,easy,BM25,video_2,5,1,1.0,0.8772153153380493,0.4,0.2,1.0,1,1
38,Help me find a video to show a repeated measures ANOVA step by step in Jasp.,easy,bm_vector_fusion,video_2,5,1,0.5,0.6509209298071326,0.4,0.0,0.0,1,0
38,Help me find a video to show a repeated measures ANOVA step by step in Jasp.,easy,bm_vector_fusion_rerank,video_2,5,1,1.0,0.9726097514324383,0.6,0.2,1.0,1,1
38,Help me find a video to show a repeated measures ANOVA step by step in Jasp.,easy,vector,video_2,5,1,1.0,0.924133208028394,0.6,0.2,1.0,1,1
39,Show me a JASP introduction video.,easy,BM25,video_1,5,1,1.0,1.0,0.8,0.2,1.0,1,1
39,Show me a JASP introduction video.,easy,bm_vector_fusion,video_1,5,1,0.5,0.6460523621555107,0.6,0.2,1.0,1,1
39,Show me a JASP introduction video.,easy,bm_vector_fusion_rerank,video_1,5,1,1.0,1.0,0.8,0.2,1.0,1,1
39,Show me a JASP introduction video.,easy,vector,video_1,5,1,1.0,0.8331277807946136,0.8,0.2,1.0,1,1
40,How to use a Generalized Linear Mixed Model (GLMM)?,easy,BM25,"md_jaspMixedModels__MixedModelsGLMM,md_jaspMixedModels__MixedModelsBGLMM",5,1,1.0,1.0,0.4,0.4,1.0,2,2
40,How to use a Generalized Linear Mixed Model (GLMM)?,easy,bm_vector_fusion,"md_jaspMixedModels__MixedModelsGLMM,md_jaspMixedModels__MixedModelsBGLMM",5,1,1.0,1.0,0.4,0.4,1.0,2,2
40,How to use a Generalized Linear Mixed Model (GLMM)?,easy,bm_vector_fusion_rerank,"md_jaspMixedModels__MixedModelsGLMM,md_jaspMixedModels__MixedModelsBGLMM",5,1,1.0,1.0,0.4,0.4,1.0,2,2
40,How to use a Generalized Linear Mixed Model (GLMM)?,easy,vector,"md_jaspMixedModels__MixedModelsGLMM,md_jaspMixedModels__MixedModelsBGLMM",5,1,1.0,0.9197207891481876,0.4,0.4,1.0,2,2
101,"I’ve just launched JASP for the first time and received a dataset from a collaborator, but the analysis window is empty and no variables are visible. What steps are required to load the data file so that the variables and cases become accessible for inspection and analysis?",difficult,BM25,"pdf_6,video_1",5,1,0.3333333333333333,0.5706417189553201,0.4,0.2,0.5,2,1
101,"I’ve just launched JASP for the first time and received a dataset from a collaborator, but the analysis window is empty and no variables are visible. What steps are required to load the data file so that the variables and cases become accessible for inspection and analysis?",difficult,bm_vector_fusion,"pdf_6,video_1",5,1,0.5,0.6509209298071326,0.4,0.2,0.5,2,1
101,"I’ve just launched JASP for the first time and received a dataset from a collaborator, but the analysis window is empty and no variables are visible. What steps are required to load the data file so that the variables and cases become accessible for inspection and analysis?",difficult,bm_vector_fusion_rerank,"pdf_6,video_1",5,1,0.25,0.4306765580733931,0.2,0.2,0.5,2,1
101,"I’ve just launched JASP for the first time and received a dataset from a collaborator, but the analysis window is empty and no variables are visible. What steps are required to load the data file so that the variables and cases become accessible for inspection and analysis?",difficult,vector,"pdf_6,video_1",5,1,0.3333333333333333,0.5437713091520254,0.4,0.2,0.5,2,1
102,"After cleaning and modifying a dataset in JASP, I want to preserve both the data and the analysis results so they can be reopened later or shared with someone using another statistics program. Where in JASP can this be done, and which options control whether the output, the data, or a different file format is saved?",difficult,BM25,"pdf_6,video_1",5,1,0.5,0.6309297535714574,0.2,0.2,0.5,2,1
102,"After cleaning and modifying a dataset in JASP, I want to preserve both the data and the analysis results so they can be reopened later or shared with someone using another statistics program. Where in JASP can this be done, and which options control whether the output, the data, or a different file format is saved?",difficult,bm_vector_fusion,"pdf_6,video_1",5,1,1.0,0.8503449055347546,0.4,0.2,0.5,2,1
102,"After cleaning and modifying a dataset in JASP, I want to preserve both the data and the analysis results so they can be reopened later or shared with someone using another statistics program. Where in JASP can this be done, and which options control whether the output, the data, or a different file format is saved?",difficult,bm_vector_fusion_rerank,"pdf_6,video_1",5,1,1.0,1.0,0.2,0.2,0.5,2,1
102,"After cleaning and modifying a dataset in JASP, I want to preserve both the data and the analysis results so they can be reopened later or shared with someone using another statistics program. Where in JASP can this be done, and which options control whether the output, the data, or a different file format is saved?",difficult,vector,"pdf_6,video_1",5,1,1.0,0.8772153153380493,0.4,0.4,1.0,2,2
103,"I want to change how statistical results are displayed in JASP—for example, controlling effect size reporting, confidence intervals, or the number of decimals—but I can’t find these options within the analysis panels. Where are the global settings for adjusting how results are formatted and reported?",difficult,BM25,"pdf_6,video_1",5,1,0.2,0.38685280723454163,0.2,0.2,0.5,2,1
103,"I want to change how statistical results are displayed in JASP—for example, controlling effect size reporting, confidence intervals, or the number of decimals—but I can’t find these options within the analysis panels. Where are the global settings for adjusting how results are formatted and reported?",difficult,bm_vector_fusion,"pdf_6,video_1",5,1,0.25,0.4306765580733931,0.2,0.2,0.5,2,1
103,"I want to change how statistical results are displayed in JASP—for example, controlling effect size reporting, confidence intervals, or the number of decimals—but I can’t find these options within the analysis panels. Where are the global settings for adjusting how results are formatted and reported?",difficult,bm_vector_fusion_rerank,"pdf_6,video_1",5,1,0.5,0.6309297535714574,0.2,0.2,0.5,2,1
103,"I want to change how statistical results are displayed in JASP—for example, controlling effect size reporting, confidence intervals, or the number of decimals—but I can’t find these options within the analysis panels. Where are the global settings for adjusting how results are formatted and reported?",difficult,vector,"pdf_6,video_1",5,1,0.25,0.4306765580733931,0.2,0.2,0.5,2,1
104,"What tools does JASP provide for diagnosing extreme observations or unusual data points, and how do I access them?",difficult,BM25,pdf_34,5,0,0.0,0.0,0.0,0.0,0.0,1,0
104,"What tools does JASP provide for diagnosing extreme observations or unusual data points, and how do I access them?",difficult,bm_vector_fusion,pdf_34,5,1,0.2,0.38685280723454163,0.2,0.0,0.0,1,0
104,"What tools does JASP provide for diagnosing extreme observations or unusual data points, and how do I access them?",difficult,bm_vector_fusion_rerank,pdf_34,5,1,1.0,1.0,0.2,0.0,0.0,1,0
104,"What tools does JASP provide for diagnosing extreme observations or unusual data points, and how do I access them?",difficult,vector,pdf_34,5,0,0.0,0.0,0.0,0.0,0.0,1,0
105,An analysis compares the average of a single sample to a fixed reference point to determine whether they differ beyond sampling variability. What inferential test is appropriate ?,difficult,BM25,"pdf_48,pdf_183",5,1,1.0,1.0,0.2,0.2,0.5,2,1
105,An analysis compares the average of a single sample to a fixed reference point to determine whether they differ beyond sampling variability. What inferential test is appropriate ?,difficult,bm_vector_fusion,"pdf_48,pdf_183",5,1,1.0,1.0,0.4,0.2,0.5,2,1
105,An analysis compares the average of a single sample to a fixed reference point to determine whether they differ beyond sampling variability. What inferential test is appropriate ?,difficult,bm_vector_fusion_rerank,"pdf_48,pdf_183",5,1,1.0,1.0,0.6,0.4,1.0,2,2
105,An analysis compares the average of a single sample to a fixed reference point to determine whether they differ beyond sampling variability. What inferential test is appropriate ?,difficult,vector,"pdf_48,pdf_183",5,1,1.0,1.0,0.6,0.4,1.0,2,2
106,"Survey responses are classified into “strongly agree,” “agree,” “neutral,” “disagree,” and “strongly disagree.” I want to test whether these response proportions differ from an equal distribution. How can this be analyzed?",difficult,BM25,"pdf_55,pdf_58",5,0,0.0,0.0,0.0,0.0,0.0,2,0
106,"Survey responses are classified into “strongly agree,” “agree,” “neutral,” “disagree,” and “strongly disagree.” I want to test whether these response proportions differ from an equal distribution. How can this be analyzed?",difficult,bm_vector_fusion,"pdf_55,pdf_58",5,1,1.0,1.0,0.6,0.4,1.0,2,2
106,"Survey responses are classified into “strongly agree,” “agree,” “neutral,” “disagree,” and “strongly disagree.” I want to test whether these response proportions differ from an equal distribution. How can this be analyzed?",difficult,bm_vector_fusion_rerank,"pdf_55,pdf_58",5,1,1.0,0.9060254355346824,0.6,0.4,1.0,2,2
106,"Survey responses are classified into “strongly agree,” “agree,” “neutral,” “disagree,” and “strongly disagree.” I want to test whether these response proportions differ from an equal distribution. How can this be analyzed?",difficult,vector,"pdf_55,pdf_58",5,1,1.0,0.9197207891481876,0.4,0.4,1.0,2,2
107,"A chi-square test of independence reports χ² = 12.4, df = 4, p = .015. What does this result tell me about the relationship between the two categorical variables?",difficult,BM25,"pdf_55,pdf_57,pdf_149",5,1,1.0,1.0,0.2,0.2,0.3333333333333333,3,1
107,"A chi-square test of independence reports χ² = 12.4, df = 4, p = .015. What does this result tell me about the relationship between the two categorical variables?",difficult,bm_vector_fusion,"pdf_55,pdf_57,pdf_149",5,1,1.0,0.8772153153380493,0.4,0.4,0.6666666666666666,3,2
107,"A chi-square test of independence reports χ² = 12.4, df = 4, p = .015. What does this result tell me about the relationship between the two categorical variables?",difficult,bm_vector_fusion_rerank,"pdf_55,pdf_57,pdf_149",5,1,1.0,0.8854598815714875,0.6,0.6,1.0,3,3
107,"A chi-square test of independence reports χ² = 12.4, df = 4, p = .015. What does this result tell me about the relationship between the two categorical variables?",difficult,vector,"pdf_55,pdf_57,pdf_149",5,1,1.0,1.0,0.4,0.4,0.6666666666666666,3,2
108,"Two unrelated groups are compared on a continuous outcome, and the analysis focuses on the difference between their average values. What inferential test is appropriate and how to run it in jasp?",difficult,BM25,"pdf_60,pdf_61,pdf_183",5,1,0.3333333333333333,0.5437713091520254,0.4,0.4,0.6666666666666666,3,2
108,"Two unrelated groups are compared on a continuous outcome, and the analysis focuses on the difference between their average values. What inferential test is appropriate and how to run it in jasp?",difficult,bm_vector_fusion,"pdf_60,pdf_61,pdf_183",5,1,1.0,0.9674679834891694,0.6,0.6,1.0,3,3
108,"Two unrelated groups are compared on a continuous outcome, and the analysis focuses on the difference between their average values. What inferential test is appropriate and how to run it in jasp?",difficult,bm_vector_fusion_rerank,"pdf_60,pdf_61,pdf_183",5,1,1.0,0.9674679834891694,0.6,0.6,1.0,3,3
108,"Two unrelated groups are compared on a continuous outcome, and the analysis focuses on the difference between their average values. What inferential test is appropriate and how to run it in jasp?",difficult,vector,"pdf_60,pdf_61,pdf_183",5,1,1.0,1.0,0.6,0.6,1.0,3,3
109,"I planned to use an independent-samples t-test to compare two groups, but normality is violated and there are outliers. What nonparametric test is appropriate in this situation?",difficult,BM25,pdf_65,5,1,0.5,0.6934264036172708,0.4,0.0,0.0,1,0
109,"I planned to use an independent-samples t-test to compare two groups, but normality is violated and there are outliers. What nonparametric test is appropriate in this situation?",difficult,bm_vector_fusion,pdf_65,5,1,1.0,0.9469024295259745,0.6,0.0,0.0,1,0
109,"I planned to use an independent-samples t-test to compare two groups, but normality is violated and there are outliers. What nonparametric test is appropriate in this situation?",difficult,bm_vector_fusion_rerank,pdf_65,5,1,1.0,0.7094472026641538,0.6,0.2,1.0,1,1
109,"I planned to use an independent-samples t-test to compare two groups, but normality is violated and there are outliers. What nonparametric test is appropriate in this situation?",difficult,vector,pdf_65,5,1,1.0,0.7255804225316207,0.8,0.2,1.0,1,1
110,"I measured participants’ reaction times before and after a training session. Because the same individuals are measured twice, which statistical test should I use to compare the two time points?How to run it in jasp?",difficult,BM25,pdf_67,5,0,0.0,0.0,0.0,0.0,0.0,1,0
110,"I measured participants’ reaction times before and after a training session. Because the same individuals are measured twice, which statistical test should I use to compare the two time points?How to run it in jasp?",difficult,bm_vector_fusion,pdf_67,5,0,0.0,0.0,0.0,0.0,0.0,1,0
110,"I measured participants’ reaction times before and after a training session. Because the same individuals are measured twice, which statistical test should I use to compare the two time points?How to run it in jasp?",difficult,bm_vector_fusion_rerank,pdf_67,5,1,0.5,0.6309297535714574,0.2,0.2,1.0,1,1
110,"I measured participants’ reaction times before and after a training session. Because the same individuals are measured twice, which statistical test should I use to compare the two time points?How to run it in jasp?",difficult,vector,pdf_67,5,1,0.3333333333333333,0.5196610607458307,0.4,0.2,1.0,1,1
111,"The same individuals were measured before and after an intervention. Because the data violate normality and contain outliers, I can’t rely on a paired t-test. What nonparametric alternative should I apply?",difficult,BM25,pdf_71,5,0,0.0,0.0,0.0,0.0,0.0,1,0
111,"The same individuals were measured before and after an intervention. Because the data violate normality and contain outliers, I can’t rely on a paired t-test. What nonparametric alternative should I apply?",difficult,bm_vector_fusion,pdf_71,5,0,0.0,0.0,0.0,0.0,0.0,1,0
111,"The same individuals were measured before and after an intervention. Because the data violate normality and contain outliers, I can’t rely on a paired t-test. What nonparametric alternative should I apply?",difficult,bm_vector_fusion_rerank,pdf_71,5,0,0.0,0.0,0.0,0.0,0.0,1,0
111,"The same individuals were measured before and after an intervention. Because the data violate normality and contain outliers, I can’t rely on a paired t-test. What nonparametric alternative should I apply?",difficult,vector,pdf_71,5,0,0.0,0.0,0.0,0.0,0.0,1,0
112,"What is the difference among regressions, like linear regression, multiple regression, and logistic regression?",difficult,BM25,"pdf_79, pdf_86,pdf_92,pdf_183,md_jaspRegression__RegressionLinear, md_jaspRegression__RegressionLinearBayesian, md_jaspRegression__RegressionLogistic, md_jaspRegression__GeneralizedLinearModel,",5,1,1.0,0.9047172294870752,0.8,0.8,0.5,8,4
112,"What is the difference among regressions, like linear regression, multiple regression, and logistic regression?",difficult,bm_vector_fusion,"pdf_79, pdf_86,pdf_92,pdf_183,md_jaspRegression__RegressionLinear, md_jaspRegression__RegressionLinearBayesian, md_jaspRegression__RegressionLogistic, md_jaspRegression__GeneralizedLinearModel,",5,1,1.0,1.0,1.0,0.8,0.5,8,4
112,"What is the difference among regressions, like linear regression, multiple regression, and logistic regression?",difficult,bm_vector_fusion_rerank,"pdf_79, pdf_86,pdf_92,pdf_183,md_jaspRegression__RegressionLinear, md_jaspRegression__RegressionLinearBayesian, md_jaspRegression__RegressionLogistic, md_jaspRegression__GeneralizedLinearModel,",5,1,1.0,1.0,1.0,1.0,0.625,8,5
112,"What is the difference among regressions, like linear regression, multiple regression, and logistic regression?",difficult,vector,"pdf_79, pdf_86,pdf_92,pdf_183,md_jaspRegression__RegressionLinear, md_jaspRegression__RegressionLinearBayesian, md_jaspRegression__RegressionLogistic, md_jaspRegression__GeneralizedLinearModel,",5,1,1.0,1.0,0.8,0.8,0.5,8,4
113,"In a linear regression predictive equation, how should the intercept and slope parameters be interpreted with respect to the dependent variable?",difficult,BM25,pdf_79,5,1,1.0,1.0,0.8,0.0,0.0,1,0
113,"In a linear regression predictive equation, how should the intercept and slope parameters be interpreted with respect to the dependent variable?",difficult,bm_vector_fusion,pdf_79,5,1,1.0,1.0,1.0,0.0,0.0,1,0
113,"In a linear regression predictive equation, how should the intercept and slope parameters be interpreted with respect to the dependent variable?",difficult,bm_vector_fusion_rerank,pdf_79,5,1,1.0,1.0,0.8,0.0,0.0,1,0
113,"In a linear regression predictive equation, how should the intercept and slope parameters be interpreted with respect to the dependent variable?",difficult,vector,pdf_79,5,1,1.0,0.9828920819566879,0.8,0.0,0.0,1,0
114,My data is continuous but violate normality assumptions. Which alternatives to Pearson’s correlation coefficient should I use?,difficult,BM25,"pdf_77,md_jaspRegression__CorrelationBayesian,md_jaspRegression__Correlation",5,1,1.0,0.7063662475919823,0.8,0.2,0.3333333333333333,3,1
114,My data is continuous but violate normality assumptions. Which alternatives to Pearson’s correlation coefficient should I use?,difficult,bm_vector_fusion,"pdf_77,md_jaspRegression__CorrelationBayesian,md_jaspRegression__Correlation",5,1,1.0,0.7743787950430012,1.0,0.4,0.6666666666666666,3,2
114,My data is continuous but violate normality assumptions. Which alternatives to Pearson’s correlation coefficient should I use?,difficult,bm_vector_fusion_rerank,"pdf_77,md_jaspRegression__CorrelationBayesian,md_jaspRegression__Correlation",5,1,1.0,0.8480742992651265,1.0,0.4,0.6666666666666666,3,2
114,My data is continuous but violate normality assumptions. Which alternatives to Pearson’s correlation coefficient should I use?,difficult,vector,"pdf_77,md_jaspRegression__CorrelationBayesian,md_jaspRegression__Correlation",5,1,1.0,0.9514426589871553,0.6,0.4,0.6666666666666666,3,2
115,"Test scores are approximately normally distributed within each of three independent groups, but the group variances look unequal. Can I still use a one-way ANOVA, and what assumptions matter most here?",difficult,BM25,pdf_97,5,1,0.5,0.6309297535714574,0.2,0.2,1.0,1,1
115,"Test scores are approximately normally distributed within each of three independent groups, but the group variances look unequal. Can I still use a one-way ANOVA, and what assumptions matter most here?",difficult,bm_vector_fusion,pdf_97,5,1,0.5,0.6240505200038378,0.4,0.2,1.0,1,1
115,"Test scores are approximately normally distributed within each of three independent groups, but the group variances look unequal. Can I still use a one-way ANOVA, and what assumptions matter most here?",difficult,bm_vector_fusion_rerank,pdf_97,5,1,1.0,1.0,0.4,0.2,1.0,1,1
115,"Test scores are approximately normally distributed within each of three independent groups, but the group variances look unequal. Can I still use a one-way ANOVA, and what assumptions matter most here?",difficult,vector,pdf_97,5,1,0.5,0.6240505200038378,0.4,0.2,1.0,1,1
116,An ANOVA shows a significant effect of treatment type on recovery time across four groups. What follow-up analyses are appropriate to identify where the differences lie?,difficult,BM25,pdf_103,5,1,1.0,0.9197207891481876,0.4,0.2,1.0,1,1
116,An ANOVA shows a significant effect of treatment type on recovery time across four groups. What follow-up analyses are appropriate to identify where the differences lie?,difficult,bm_vector_fusion,pdf_103,5,1,0.5,0.6309297535714574,0.2,0.2,1.0,1,1
116,An ANOVA shows a significant effect of treatment type on recovery time across four groups. What follow-up analyses are appropriate to identify where the differences lie?,difficult,bm_vector_fusion_rerank,pdf_103,5,1,0.2,0.38685280723454163,0.2,0.0,0.0,1,0
116,An ANOVA shows a significant effect of treatment type on recovery time across four groups. What follow-up analyses are appropriate to identify where the differences lie?,difficult,vector,pdf_103,5,1,0.2,0.38685280723454163,0.2,0.0,0.0,1,0
117,"I’m comparing reaction times across three independent groups. The distributions are strongly skewed and normality is violated, but the groups are independent. Since the assumptions of a one-way ANOVA are not met, which statistical test should I use instead?",difficult,BM25,"pdf_97,pdf_104,pdf_183",5,1,0.5,0.6934264036172708,0.4,0.4,0.6666666666666666,3,2
117,"I’m comparing reaction times across three independent groups. The distributions are strongly skewed and normality is violated, but the groups are independent. Since the assumptions of a one-way ANOVA are not met, which statistical test should I use instead?",difficult,bm_vector_fusion,"pdf_97,pdf_104,pdf_193",5,1,1.0,0.8772153153380493,0.4,0.2,0.3333333333333333,3,1
117,"I’m comparing reaction times across three independent groups. The distributions are strongly skewed and normality is violated, but the groups are independent. Since the assumptions of a one-way ANOVA are not met, which statistical test should I use instead?",difficult,bm_vector_fusion_rerank,"pdf_97,pdf_104,pdf_183",5,1,1.0,0.9514426589871553,0.6,0.2,0.3333333333333333,3,1
117,"I’m comparing reaction times across three independent groups. The distributions are strongly skewed and normality is violated, but the groups are independent. Since the assumptions of a one-way ANOVA are not met, which statistical test should I use instead?",difficult,vector,"pdf_97,pdf_104,pdf_188",5,1,1.0,0.9060254355346824,0.6,0.4,0.6666666666666666,3,2
118,"The Kruskal–Wallis test reports a significant chi-square statistic. What does this tell me about differences between the groups, and what conclusions can I draw?",difficult,BM25,"pdf_104,pdf_105",5,1,0.5,0.6309297535714574,0.2,0.2,0.5,2,1
118,"The Kruskal–Wallis test reports a significant chi-square statistic. What does this tell me about differences between the groups, and what conclusions can I draw?",difficult,bm_vector_fusion,"pdf_104,pdf_105",5,1,1.0,1.0,0.2,0.2,0.5,2,1
118,"The Kruskal–Wallis test reports a significant chi-square statistic. What does this tell me about differences between the groups, and what conclusions can I draw?",difficult,bm_vector_fusion_rerank,"pdf_104,pdf_105",5,1,1.0,0.9197207891481876,0.4,0.4,1.0,2,2
118,"The Kruskal–Wallis test reports a significant chi-square statistic. What does this tell me about differences between the groups, and what conclusions can I draw?",difficult,vector,"pdf_104,pdf_105",5,1,1.0,1.0,0.4,0.4,1.0,2,2
119,"Three independent experimental conditions are compared on a continuous but non-normally distributed outcome. Because parametric assumptions fail, which inferential approach should be applied?",difficult,BM25,"pdf_97,pdf_183",5,1,0.5,0.6509209298071326,0.4,0.4,1.0,2,2
119,"Three independent experimental conditions are compared on a continuous but non-normally distributed outcome. Because parametric assumptions fail, which inferential approach should be applied?",difficult,bm_vector_fusion,"pdf_97,pdf_183",5,1,1.0,1.0,0.2,0.2,0.5,2,1
119,"Three independent experimental conditions are compared on a continuous but non-normally distributed outcome. Because parametric assumptions fail, which inferential approach should be applied?",difficult,bm_vector_fusion_rerank,"pdf_97,pdf_183",5,1,1.0,1.0,0.2,0.2,0.5,2,1
119,"Three independent experimental conditions are compared on a continuous but non-normally distributed outcome. Because parametric assumptions fail, which inferential approach should be applied?",difficult,vector,"pdf_97,pdf_183",5,1,1.0,1.0,0.2,0.2,0.5,2,1
120,What are the main differences between parametric repeated-measures ANOVA and non-parametric alternatives?,difficult,BM25,"pdf_97,pdf_107,pdf_113,pdf_132",5,1,0.5,0.6797310500037657,0.6,0.6,0.75,4,3
120,What are the main differences between parametric repeated-measures ANOVA and non-parametric alternatives?,difficult,bm_vector_fusion,"pdf_97,pdf_107,pdf_113,pdf_132",5,1,1.0,0.9871451602176229,0.6,0.4,0.5,4,2
120,What are the main differences between parametric repeated-measures ANOVA and non-parametric alternatives?,difficult,bm_vector_fusion_rerank,"pdf_97,pdf_107,pdf_113,pdf_132",5,1,1.0,0.8926893079768027,0.8,0.6,0.75,4,3
120,What are the main differences between parametric repeated-measures ANOVA and non-parametric alternatives?,difficult,vector,"pdf_97,pdf_107,pdf_113,pdf_132",5,1,0.5,0.6347289430958043,0.6,0.4,0.5,4,2
121,"My mixed factor ANOVA reveals a significant within-subjects effect but a non-significant between-subjects effect, yet their interaction is significant, how should the pattern of results be explained?",difficult,BM25,pdf_141,5,1,1.0,0.9197207891481876,0.4,0.2,1.0,1,1
121,"My mixed factor ANOVA reveals a significant within-subjects effect but a non-significant between-subjects effect, yet their interaction is significant, how should the pattern of results be explained?",difficult,bm_vector_fusion,pdf_141,5,1,1.0,0.9197207891481876,0.4,0.2,1.0,1,1
121,"My mixed factor ANOVA reveals a significant within-subjects effect but a non-significant between-subjects effect, yet their interaction is significant, how should the pattern of results be explained?",difficult,bm_vector_fusion_rerank,pdf_141,5,1,1.0,1.0,0.4,0.2,1.0,1,1
121,"My mixed factor ANOVA reveals a significant within-subjects effect but a non-significant between-subjects effect, yet their interaction is significant, how should the pattern of results be explained?",difficult,vector,pdf_141,5,1,1.0,1.0,0.4,0.2,1.0,1,1
122,"The output shows different F-values and p-values for the same within-subject effect under “None,” “Greenhouse–Geisser,” and “Huynh–Feldt.” How should these results be interpreted and which should be reported?",difficult,BM25,"pdf_110,pdf_112",5,1,1.0,1.0,0.4,0.2,0.5,2,1
122,"The output shows different F-values and p-values for the same within-subject effect under “None,” “Greenhouse–Geisser,” and “Huynh–Feldt.” How should these results be interpreted and which should be reported?",difficult,bm_vector_fusion,"pdf_110,pdf_112",5,1,1.0,1.0,0.4,0.2,0.5,2,1
122,"The output shows different F-values and p-values for the same within-subject effect under “None,” “Greenhouse–Geisser,” and “Huynh–Feldt.” How should these results be interpreted and which should be reported?",difficult,bm_vector_fusion_rerank,"pdf_110,pdf_112",5,1,1.0,0.9128781396400242,0.6,0.4,1.0,2,2
122,"The output shows different F-values and p-values for the same within-subject effect under “None,” “Greenhouse–Geisser,” and “Huynh–Feldt.” How should these results be interpreted and which should be reported?",difficult,vector,"pdf_110,pdf_112",5,1,1.0,1.0,0.4,0.2,0.5,2,1
123,"Repeated measurements were collected from participants across four sessions, but Mauchly’s test indicates severe violation of sphericity and the outcome variable is not continuous. What test be appropriate here, and why?",difficult,BM25,pdf_110,5,1,1.0,1.0,0.4,0.2,1.0,1,1
123,"Repeated measurements were collected from participants across four sessions, but Mauchly’s test indicates severe violation of sphericity and the outcome variable is not continuous. What test be appropriate here, and why?",difficult,bm_vector_fusion,pdf_110,5,1,1.0,0.9832184408687481,0.6,0.2,1.0,1,1
123,"Repeated measurements were collected from participants across four sessions, but Mauchly’s test indicates severe violation of sphericity and the outcome variable is not continuous. What test be appropriate here, and why?",difficult,bm_vector_fusion_rerank,pdf_110,5,1,1.0,0.9751957567060058,0.8,0.2,1.0,1,1
123,"Repeated measurements were collected from participants across four sessions, but Mauchly’s test indicates severe violation of sphericity and the outcome variable is not continuous. What test be appropriate here, and why?",difficult,vector,pdf_110,5,1,1.0,0.9726097514324383,0.6,0.2,1.0,1,1
124,"I have a 2×3 design with two independent variables, and each participant belongs to only one level of each factor. How do I analyze this using ANOVA in JASP?",difficult,BM25,pdf_124,5,1,0.25,0.4623836304746291,0.4,0.2,1.0,1,1
124,"I have a 2×3 design with two independent variables, and each participant belongs to only one level of each factor. How do I analyze this using ANOVA in JASP?",difficult,bm_vector_fusion,pdf_124,5,1,1.0,0.944847956559586,0.4,0.2,1.0,1,1
124,"I have a 2×3 design with two independent variables, and each participant belongs to only one level of each factor. How do I analyze this using ANOVA in JASP?",difficult,bm_vector_fusion_rerank,pdf_124,5,1,0.5,0.6309297535714574,0.2,0.2,1.0,1,1
124,"I have a 2×3 design with two independent variables, and each participant belongs to only one level of each factor. How do I analyze this using ANOVA in JASP?",difficult,vector,pdf_124,5,1,1.0,0.9197207891481876,0.4,0.2,1.0,1,1
125,"I measured participants’ memory scores at three time points—pre-test, mid-test, and post-test. How do I analyze whether their performance changed over time in JASP?",difficult,BM25,"pdf_108,pdf_113,video_2",5,1,0.3333333333333333,0.5,0.2,0.2,0.3333333333333333,3,1
125,"I measured participants’ memory scores at three time points—pre-test, mid-test, and post-test. How do I analyze whether their performance changed over time in JASP?",difficult,bm_vector_fusion,"pdf_108,pdf_113,video_2",5,1,0.25,0.5012658353418872,0.4,0.4,0.6666666666666666,3,2
125,"I measured participants’ memory scores at three time points—pre-test, mid-test, and post-test. How do I analyze whether their performance changed over time in JASP?",difficult,bm_vector_fusion_rerank,"pdf_108,pdf_113,video_2",5,1,0.25,0.5012658353418872,0.4,0.2,0.3333333333333333,3,1
125,"I measured participants’ memory scores at three time points—pre-test, mid-test, and post-test. How do I analyze whether their performance changed over time in JASP?",difficult,vector,"pdf_108,pdf_113,video_2",5,1,0.5,0.7229919015646842,0.8,0.4,0.6666666666666666,3,2
126,"Participants completed the task under both condition A and condition B, and their performance was measured before and after training. Which statistical test should be used to examine the main effects of Condition, Time, and their interaction?",difficult,BM25,"pdf_132,pdf_133",5,1,1.0,1.0,0.2,0.2,0.5,2,1
126,"Participants completed the task under both condition A and condition B, and their performance was measured before and after training. Which statistical test should be used to examine the main effects of Condition, Time, and their interaction?",difficult,bm_vector_fusion,"pdf_132,pdf_133",5,1,0.5,0.6278397607958708,0.4,0.2,0.5,2,1
126,"Participants completed the task under both condition A and condition B, and their performance was measured before and after training. Which statistical test should be used to examine the main effects of Condition, Time, and their interaction?",difficult,bm_vector_fusion_rerank,"pdf_132,pdf_133",5,1,0.2,0.38685280723454163,0.2,0.2,0.5,2,1
126,"Participants completed the task under both condition A and condition B, and their performance was measured before and after training. Which statistical test should be used to examine the main effects of Condition, Time, and their interaction?",difficult,vector,"pdf_132,pdf_133",5,1,0.3333333333333333,0.5,0.2,0.0,0.0,2,0
127,I have two groups—treatment and control—and I measured their anxiety levels at pre-test and post-test. Should I run a mixed ANOVA in JASP to see whether the groups changed differently over time?,difficult,BM25,pdf_141,5,1,1.0,0.8513655471804633,0.6,0.0,0.0,1,0
127,I have two groups—treatment and control—and I measured their anxiety levels at pre-test and post-test. Should I run a mixed ANOVA in JASP to see whether the groups changed differently over time?,difficult,bm_vector_fusion,pdf_141,5,1,1.0,0.9550337350142764,0.8,0.2,1.0,1,1
127,I have two groups—treatment and control—and I measured their anxiety levels at pre-test and post-test. Should I run a mixed ANOVA in JASP to see whether the groups changed differently over time?,difficult,bm_vector_fusion_rerank,pdf_141,5,1,1.0,0.9550337350142764,0.8,0.2,1.0,1,1
127,I have two groups—treatment and control—and I measured their anxiety levels at pre-test and post-test. Should I run a mixed ANOVA in JASP to see whether the groups changed differently over time?,difficult,vector,pdf_141,5,1,0.5,0.6463642229169531,0.8,0.2,1.0,1,1
128,"Participants were assigned to either condition A or condition B, and their performance was measured both before and after training. Which statistical test should be used to assess the effects of Condition, Time, and their interaction?",difficult,BM25,pdf_141,5,1,0.3333333333333333,0.5437713091520254,0.4,0.2,1.0,1,1
128,"Participants were assigned to either condition A or condition B, and their performance was measured both before and after training. Which statistical test should be used to assess the effects of Condition, Time, and their interaction?",difficult,bm_vector_fusion,pdf_141,5,1,0.3333333333333333,0.5,0.2,0.2,1.0,1,1
128,"Participants were assigned to either condition A or condition B, and their performance was measured both before and after training. Which statistical test should be used to assess the effects of Condition, Time, and their interaction?",difficult,bm_vector_fusion_rerank,pdf_141,5,0,0.0,0.0,0.0,0.0,0.0,1,0
128,"Participants were assigned to either condition A or condition B, and their performance was measured both before and after training. Which statistical test should be used to assess the effects of Condition, Time, and their interaction?",difficult,vector,pdf_141,5,0,0.0,0.0,0.0,0.0,0.0,1,0
129,I want to compare post-test performance between two groups while statistically controlling for participants’ pre-test scores. Which analysis should I use?,difficult,BM25,pdf_116,5,1,0.25,0.4306765580733931,0.2,0.2,1.0,1,1
129,I want to compare post-test performance between two groups while statistically controlling for participants’ pre-test scores. Which analysis should I use?,difficult,bm_vector_fusion,pdf_116,5,1,0.25,0.4306765580733931,0.2,0.2,1.0,1,1
129,I want to compare post-test performance between two groups while statistically controlling for participants’ pre-test scores. Which analysis should I use?,difficult,bm_vector_fusion_rerank,pdf_116,5,1,0.3333333333333333,0.5,0.2,0.2,1.0,1,1
129,I want to compare post-test performance between two groups while statistically controlling for participants’ pre-test scores. Which analysis should I use?,difficult,vector,pdf_116,5,0,0.0,0.0,0.0,0.0,0.0,1,0
130,Participants are classified into categories based on treatment group and outcome (success vs failure). How can I examine whether the distribution of outcomes differs between groups?,difficult,BM25,pdf_149,5,0,0.0,0.0,0.0,0.0,0.0,1,0
130,Participants are classified into categories based on treatment group and outcome (success vs failure). How can I examine whether the distribution of outcomes differs between groups?,difficult,bm_vector_fusion,pdf_149,5,0,0.0,0.0,0.0,0.0,0.0,1,0
130,Participants are classified into categories based on treatment group and outcome (success vs failure). How can I examine whether the distribution of outcomes differs between groups?,difficult,bm_vector_fusion_rerank,pdf_149,5,0,0.0,0.0,0.0,0.0,0.0,1,0
130,Participants are classified into categories based on treatment group and outcome (success vs failure). How can I examine whether the distribution of outcomes differs between groups?,difficult,vector,pdf_149,5,0,0.0,0.0,0.0,0.0,0.0,1,0
131,"Counts of observations are summarized in a contingency table, and the goal is to determine whether the observed frequencies deviate from what would be expected if the variables were independent. What statistical test is appropriate?",difficult,BM25,pdf_149,5,1,1.0,1.0,0.4,0.2,1.0,1,1
131,"Counts of observations are summarized in a contingency table, and the goal is to determine whether the observed frequencies deviate from what would be expected if the variables were independent. What statistical test is appropriate?",difficult,bm_vector_fusion,pdf_149,5,1,1.0,0.9871451602176229,0.6,0.2,1.0,1,1
131,"Counts of observations are summarized in a contingency table, and the goal is to determine whether the observed frequencies deviate from what would be expected if the variables were independent. What statistical test is appropriate?",difficult,bm_vector_fusion_rerank,pdf_149,5,1,1.0,0.9327783893101107,0.4,0.2,1.0,1,1
131,"Counts of observations are summarized in a contingency table, and the goal is to determine whether the observed frequencies deviate from what would be expected if the variables were independent. What statistical test is appropriate?",difficult,vector,pdf_149,5,1,1.0,1.0,0.4,0.2,1.0,1,1
132,"I have extracted effect sizes and standard errors from multiple independent studies—how can I perform a frequentist (classical) meta-analysis in JASP, including model selection and heterogeneity assessment?",difficult,BM25,"pdf_157,pdf_162,pdf_163",5,1,1.0,1.0,1.0,0.4,0.6666666666666666,3,2
132,"I have extracted effect sizes and standard errors from multiple independent studies—how can I perform a frequentist (classical) meta-analysis in JASP, including model selection and heterogeneity assessment?",difficult,bm_vector_fusion,"pdf_157,pdf_162,pdf_163",5,1,1.0,1.0,1.0,0.6,1.0,3,3
132,"I have extracted effect sizes and standard errors from multiple independent studies—how can I perform a frequentist (classical) meta-analysis in JASP, including model selection and heterogeneity assessment?",difficult,bm_vector_fusion_rerank,"pdf_157,pdf_162,pdf_163",5,1,1.0,1.0,1.0,0.6,1.0,3,3
132,"I have extracted effect sizes and standard errors from multiple independent studies—how can I perform a frequentist (classical) meta-analysis in JASP, including model selection and heterogeneity assessment?",difficult,vector,"pdf_157,pdf_162,pdf_163",5,1,1.0,0.989141344633751,1.0,0.4,0.6666666666666666,3,2
133,"Once predictors and a binary response are defined, how do I fit and interpret a frequentist logistic regression model in JASP, including odds ratios and goodness-of-fit measures?",difficult,BM25,"pdf_92,md_jaspRegression__RegressionLogistic",5,1,1.0,0.9639404333166532,0.4,0.2,0.5,2,1
133,"Once predictors and a binary response are defined, how do I fit and interpret a frequentist logistic regression model in JASP, including odds ratios and goodness-of-fit measures?",difficult,bm_vector_fusion,"pdf_92,md_jaspRegression__RegressionLogistic",5,1,1.0,0.9047172294870752,0.8,0.4,1.0,2,2
133,"Once predictors and a binary response are defined, how do I fit and interpret a frequentist logistic regression model in JASP, including odds ratios and goodness-of-fit measures?",difficult,bm_vector_fusion_rerank,"pdf_92,md_jaspRegression__RegressionLogistic",5,1,0.5,0.6717287037439216,0.8,0.2,0.5,2,1
133,"Once predictors and a binary response are defined, how do I fit and interpret a frequentist logistic regression model in JASP, including odds ratios and goodness-of-fit measures?",difficult,vector,"pdf_92,md_jaspRegression__RegressionLogistic",5,1,0.5,0.7328286204777912,0.6,0.4,1.0,2,2
134,"I expect baseline performance to differ between subjects, but also think the effect of condition varies by subject. How do I specify both random intercepts and random slopes in JASP, and how do I know if the extra complexity is justified?",difficult,BM25,"md_jaspMixedModels__MixedModelsBLMM,jaspMixedModels__MixedModelsLMM",5,1,1.0,1.0,0.8,0.4,1.0,2,2
134,"I expect baseline performance to differ between subjects, but also think the effect of condition varies by subject. How do I specify both random intercepts and random slopes in JASP, and how do I know if the extra complexity is justified?",difficult,bm_vector_fusion,"md_jaspMixedModels__MixedModelsBLMM,jaspMixedModels__MixedModelsLMM",5,1,1.0,0.9213963208540731,1.0,0.4,1.0,2,2
134,"I expect baseline performance to differ between subjects, but also think the effect of condition varies by subject. How do I specify both random intercepts and random slopes in JASP, and how do I know if the extra complexity is justified?",difficult,bm_vector_fusion_rerank,"md_jaspMixedModels__MixedModelsBLMM,jaspMixedModels__MixedModelsLMM",5,1,1.0,0.8044726423602091,0.8,0.4,1.0,2,2
134,"I expect baseline performance to differ between subjects, but also think the effect of condition varies by subject. How do I specify both random intercepts and random slopes in JASP, and how do I know if the extra complexity is justified?",difficult,vector,"md_jaspMixedModels__MixedModelsBLMM,jaspMixedModels__MixedModelsLMM",5,1,0.5,0.6590018048024133,0.4,0.2,0.5,2,1
135,"My outcome variable has a few extreme values. In a Bayesian linear regression, what assumptions about error distribution am I making, and how should outliers be handled?",difficult,BM25,md_jaspRegression__RegressionLinearBayesian,5,0,0.0,0.0,0.0,0.0,0.0,1,0
135,"My outcome variable has a few extreme values. In a Bayesian linear regression, what assumptions about error distribution am I making, and how should outliers be handled?",difficult,bm_vector_fusion,md_jaspRegression__RegressionLinearBayesian,5,1,1.0,0.7967075809905066,0.4,0.2,1.0,1,1
135,"My outcome variable has a few extreme values. In a Bayesian linear regression, what assumptions about error distribution am I making, and how should outliers be handled?",difficult,bm_vector_fusion_rerank,md_jaspRegression__RegressionLinearBayesian,5,1,1.0,0.751623600785961,0.6,0.2,1.0,1,1
135,"My outcome variable has a few extreme values. In a Bayesian linear regression, what assumptions about error distribution am I making, and how should outliers be handled?",difficult,vector,md_jaspRegression__RegressionLinearBayesian,5,1,1.0,0.8503449055347546,0.4,0.2,1.0,1,1
136,I’m analyzing the relationship between marketing spend and monthly revenue using Bayesian correlation. The Bayes Factor is close to 1—what does this mean for making business decisions?,difficult,BM25,md_jaspRegression__CorrelationBayesian,5,1,1.0,1.0,1.0,0.2,1.0,1,1
136,I’m analyzing the relationship between marketing spend and monthly revenue using Bayesian correlation. The Bayes Factor is close to 1—what does this mean for making business decisions?,difficult,bm_vector_fusion,md_jaspRegression__CorrelationBayesian,5,1,1.0,0.9558295932317544,0.8,0.2,1.0,1,1
136,I’m analyzing the relationship between marketing spend and monthly revenue using Bayesian correlation. The Bayes Factor is close to 1—what does this mean for making business decisions?,difficult,bm_vector_fusion_rerank,md_jaspRegression__CorrelationBayesian,5,1,1.0,1.0,1.0,0.2,1.0,1,1
136,I’m analyzing the relationship between marketing spend and monthly revenue using Bayesian correlation. The Bayes Factor is close to 1—what does this mean for making business decisions?,difficult,vector,md_jaspRegression__CorrelationBayesian,5,1,1.0,1.0,1.0,0.2,1.0,1,1
137,"I’m analyzing whether patients adhered to treatment (yes/no) based on age and dosage. How do I decide which probability distribution and link function to use, and how should predictors be included in the generalized linear model?",difficult,BM25,md_jaspRegression__GeneralizedLinearModel,5,1,1.0,0.9197207891481876,0.4,0.2,1.0,1,1
137,"I’m analyzing whether patients adhered to treatment (yes/no) based on age and dosage. How do I decide which probability distribution and link function to use, and how should predictors be included in the generalized linear model?",difficult,bm_vector_fusion,md_jaspRegression__GeneralizedLinearModel,5,1,1.0,0.9469024295259745,0.6,0.2,1.0,1,1
137,"I’m analyzing whether patients adhered to treatment (yes/no) based on age and dosage. How do I decide which probability distribution and link function to use, and how should predictors be included in the generalized linear model?",difficult,bm_vector_fusion_rerank,md_jaspRegression__GeneralizedLinearModel,5,1,1.0,0.9674679834891694,0.6,0.2,1.0,1,1
137,"I’m analyzing whether patients adhered to treatment (yes/no) based on age and dosage. How do I decide which probability distribution and link function to use, and how should predictors be included in the generalized linear model?",difficult,vector,md_jaspRegression__GeneralizedLinearModel,5,1,1.0,0.9828920819566878,0.8,0.2,1.0,1,1
138,"I have repeated measures data from a psychology experiment and need a video that walks through a repeated-measures ANOVA step-by-step (including assumptions, calculations, and interpretation). Can you show me a tutorial video that does that?",difficult,BM25,video_2,5,1,1.0,0.9060254355346824,0.6,0.2,1.0,1,1
138,"I have repeated measures data from a psychology experiment and need a video that walks through a repeated-measures ANOVA step-by-step (including assumptions, calculations, and interpretation). Can you show me a tutorial video that does that?",difficult,bm_vector_fusion,video_2,5,1,1.0,0.9871451602176229,0.6,0.2,1.0,1,1
138,"I have repeated measures data from a psychology experiment and need a video that walks through a repeated-measures ANOVA step-by-step (including assumptions, calculations, and interpretation). Can you show me a tutorial video that does that?",difficult,bm_vector_fusion_rerank,video_2,5,1,1.0,1.0,0.8,0.2,1.0,1,1
138,"I have repeated measures data from a psychology experiment and need a video that walks through a repeated-measures ANOVA step-by-step (including assumptions, calculations, and interpretation). Can you show me a tutorial video that does that?",difficult,vector,video_2,5,1,1.0,1.0,0.2,0.2,1.0,1,1
139,"I’ve never used JASP before. Can you give me a general introduction video explaining what JASP is used for, it’s designed for and how to use it?",difficult,BM25,video_1,5,1,1.0,0.8772153153380493,0.4,0.0,0.0,1,0
139,"I’ve never used JASP before. Can you give me a general introduction video explaining what JASP is used for, it’s designed for and how to use it?",difficult,bm_vector_fusion,video_1,5,1,0.5,0.7606395682357036,0.8,0.2,1.0,1,1
139,"I’ve never used JASP before. Can you give me a general introduction video explaining what JASP is used for, it’s designed for and how to use it?",difficult,bm_vector_fusion_rerank,video_1,5,1,1.0,1.0,0.6,0.2,1.0,1,1
139,"I’ve never used JASP before. Can you give me a general introduction video explaining what JASP is used for, it’s designed for and how to use it?",difficult,vector,video_1,5,1,1.0,0.8642203869628404,0.6,0.2,1.0,1,1
140,"I’m evaluating a RAG system using two performance metrics: success@k (binary per query) and nDCG@k (continuous, bounded between 0 and 1). Each query is tested under multiple retrieval modes and difficulty levels, so the same query appears multiple times. I want to test whether retrieval mode and difficulty level have main effects or an interaction effect on performance. Given this repeated-measures structure and mixed outcome types, can generalized linear mixed models be used?",difficult,BM25,"md_jaspMixedModels__MixedModelsGLMM,md_jaspMixedModels__MixedModelsBGLMM",5,1,0.2,0.38685280723454163,0.2,0.2,0.5,2,1
140,"I’m evaluating a RAG system using two performance metrics: success@k (binary per query) and nDCG@k (continuous, bounded between 0 and 1). Each query is tested under multiple retrieval modes and difficulty levels, so the same query appears multiple times. I want to test whether retrieval mode and difficulty level have main effects or an interaction effect on performance. Given this repeated-measures structure and mixed outcome types, can generalized linear mixed models be used?",difficult,bm_vector_fusion,"md_jaspMixedModels__MixedModelsGLMM,md_jaspMixedModels__MixedModelsBGLMM",5,1,1.0,1.0,0.8,0.4,1.0,2,2
140,"I’m evaluating a RAG system using two performance metrics: success@k (binary per query) and nDCG@k (continuous, bounded between 0 and 1). Each query is tested under multiple retrieval modes and difficulty levels, so the same query appears multiple times. I want to test whether retrieval mode and difficulty level have main effects or an interaction effect on performance. Given this repeated-measures structure and mixed outcome types, can generalized linear mixed models be used?",difficult,bm_vector_fusion_rerank,"md_jaspMixedModels__MixedModelsGLMM,md_jaspMixedModels__MixedModelsBGLMM",5,1,1.0,0.9469024295259745,0.6,0.4,1.0,2,2
140,"I’m evaluating a RAG system using two performance metrics: success@k (binary per query) and nDCG@k (continuous, bounded between 0 and 1). Each query is tested under multiple retrieval modes and difficulty levels, so the same query appears multiple times. I want to test whether retrieval mode and difficulty level have main effects or an interaction effect on performance. Given this repeated-measures structure and mixed outcome types, can generalized linear mixed models be used?",difficult,vector,"md_jaspMixedModels__MixedModelsGLMM,md_jaspMixedModels__MixedModelsBGLMM",5,1,1.0,1.0,0.6,0.4,1.0,2,2
